game_id,date
10980,2022-09-30
10981,2022-10-01
10985,2022-10-02
10982,2022-10-02
10983,2022-10-02
10987,2022-10-03
10988,2022-10-03
10984,2022-10-02
10986,2022-10-02
10989,2022-10-04
10990,2022-10-04
10994,2022-10-04
10991,2022-10-04
10996,2022-10-05
10992,2022-10-04
10999,2022-10-05
10995,2022-10-05
10998,2022-10-05
10993,2022-10-04
11000,2022-10-06
11005,2022-10-07
11001,2022-10-06
11002,2022-10-06
11006,2022-10-07
11007,2022-10-07
11008,2022-10-07
11003,2022-10-06
10997,2022-10-05
11004,2022-10-07
11009,2022-10-07
11010,2022-10-08
11011,2022-10-08
11012,2022-10-08
11013,2022-10-08
11015,2022-10-08
11016,2022-10-09
11014,2022-10-08
11017,2022-10-09
11018,2022-10-09
11022,2022-10-10
11021,2022-10-10
11019,2022-10-10
11023,2022-10-10
11024,2022-10-10
11026,2022-10-11
11027,2022-10-11
11028,2022-10-12
11025,2022-10-11
11029,2022-10-12
11030,2022-10-12
11032,2022-10-12
11031,2022-10-12
11033,2022-10-12
11034,2022-10-12
11035,2022-10-12
11020,2022-10-10
11036,2022-10-13
11037,2022-10-13
11038,2022-10-13
11039,2022-10-13
11042,2022-10-14
11043,2022-10-14
11041,2022-10-14
11040,2022-10-14
11045,2022-10-15
11044,2022-10-14
11046,2022-10-15
11047,2022-10-15
11051,2022-10-19
11052,2022-10-19
11050,2022-10-18
11054,2022-10-19
11055,2022-10-19
11056,2022-10-19
11057,2022-10-19
11053,2022-10-19
11058,2022-10-19
11059,2022-10-20
11060,2022-10-20
11061,2022-10-20
11062,2022-10-20
11063,2022-10-20
11065,2022-10-21
11064,2022-10-20
11066,2022-10-21
11067,2022-10-21
11068,2022-10-21
11069,2022-10-21
11070,2022-10-21
11072,2022-10-21
11071,2022-10-21
11074,2022-10-22
11077,2022-10-22
11075,2022-10-22
11078,2022-10-22
11073,2022-10-22
11079,2022-10-22
11076,2022-10-22
11080,2022-10-23
11082,2022-10-23
11083,2022-10-23
11085,2022-10-23
11084,2022-10-23
11086,2022-10-23
11081,2022-10-23
11087,2022-10-23
11088,2022-10-23
11089,2022-10-23
11091,2022-10-24
11090,2022-10-24
11092,2022-10-24
11095,2022-10-24
11094,2022-10-24
11093,2022-10-24
11096,2022-10-25
11097,2022-10-25
11098,2022-10-25
11099,2022-10-25
11100,2022-10-25
11101,2022-10-25
11103,2022-10-26
11106,2022-10-26
11107,2022-10-26
11102,2022-10-25
11105,2022-10-26
11104,2022-10-26
11108,2022-10-26
11109,2022-10-26
11110,2022-10-27
11111,2022-10-27
11112,2022-10-27
11114,2022-10-27
11113,2022-10-27
11115,2022-10-27
11119,2022-10-28
11118,2022-10-28
11117,2022-10-28
11116,2022-10-28
11120,2022-10-28
11121,2022-10-28
11122,2022-10-28
11123,2022-10-28
11124,2022-10-29
11126,2022-10-29
11127,2022-10-29
11125,2022-10-29
11128,2022-10-29
11129,2022-10-29
11131,2022-10-29
11132,2022-10-29
11130,2022-10-29
11133,2022-10-30
11134,2022-10-30
11137,2022-10-30
11135,2022-10-30
11136,2022-10-30
11138,2022-10-30
11139,2022-10-30
11141,2022-10-30
11142,2022-10-30
11143,2022-10-31
11144,2022-10-31
11147,2022-10-31
11148,2022-10-31
11149,2022-11-01
11146,2022-10-31
11150,2022-11-01
11151,2022-11-01
11145,2022-10-31
11152,2022-11-01
11153,2022-11-01
11140,2022-10-30
11154,2022-11-02
11155,2022-11-02
11156,2022-11-02
11157,2022-11-02
11158,2022-11-02
11159,2022-11-02
11161,2022-11-03
11160,2022-11-03
11163,2022-11-03
11164,2022-11-03
11166,2022-11-03
11167,2022-11-03
11162,2022-11-03
11165,2022-11-03
11168,2022-11-04
11169,2022-11-04
11170,2022-11-04
11171,2022-11-04
11173,2022-11-04
11172,2022-11-04
11175,2022-11-05
11176,2022-11-05
11177,2022-11-05
11178,2022-11-05
11179,2022-11-05
11180,2022-11-05
11174,2022-11-05
11181,2022-11-05
11183,2022-11-05
11182,2022-11-05
11184,2022-11-05
11186,2022-11-06
11187,2022-11-06
11185,2022-11-06
11188,2022-11-06
11189,2022-11-06
11190,2022-11-06
11194,2022-11-08
11191,2022-11-06
11193,2022-11-08
11192,2022-11-07
11195,2022-11-08
11196,2022-11-08
11197,2022-11-08
11199,2022-11-08
11198,2022-11-08
11200,2022-11-08
11202,2022-11-08
11204,2022-11-08
11203,2022-11-08
11201,2022-11-08
11205,2022-11-08
11206,2022-11-08
11207,2022-11-08
11208,2022-11-10
11210,2022-11-09
11209,2022-11-10
11211,2022-11-10
11212,2022-11-10
11213,2022-11-10
11214,2022-11-10
11216,2022-11-10
11215,2022-11-10
11217,2022-11-10
11218,2022-11-10
11219,2022-11-10
11220,2022-11-10
11223,2022-11-11
11222,2022-11-11
11221,2022-11-11
11224,2022-11-11
11225,2022-11-12
11226,2022-11-12
11227,2022-11-12
11228,2022-11-12
11229,2022-11-12
11230,2022-11-12
11232,2022-11-12
11233,2022-11-12
11234,2022-11-12
11235,2022-11-13
11236,2022-11-13
11237,2022-11-13
11239,2022-11-13
11240,2022-11-13
11242,2022-11-13
11241,2022-11-13
11243,2022-11-13
11244,2022-11-14
11238,2022-11-13
11245,2022-11-14
11231,2022-11-12
11246,2022-11-14
11247,2022-11-14
11249,2022-11-15
11250,2022-11-15
11252,2022-11-15
11251,2022-11-15
11253,2022-11-15
11248,2022-11-15
11255,2022-11-16
11254,2022-11-15
11256,2022-11-16
11257,2022-11-16
11258,2022-11-16
11259,2022-11-16
11260,2022-11-17
11261,2022-11-17
11265,2022-11-17
11264,2022-11-17
11263,2022-11-17
11262,2022-11-17
11266,2022-11-17
11267,2022-11-17
11269,2022-11-17
11268,2022-11-17
11270,2022-11-18
11271,2022-11-18
11272,2022-11-18
11273,2022-11-19
11274,2022-11-19
11275,2022-11-19
11276,2022-11-19
11277,2022-11-19
11279,2022-11-19
11280,2022-11-19
11281,2022-11-19
11282,2022-11-19
11283,2022-11-19
11284,2022-11-19
11285,2022-11-20
11286,2022-11-20
11278,2022-11-19
11287,2022-11-20
11288,2022-11-20
11289,2022-11-20
11290,2022-11-20
11292,2022-11-21
11291,2022-11-20
11294,2022-11-21
11293,2022-11-21
11295,2022-11-21
11296,2022-11-21
11297,2022-11-22
11298,2022-11-22
11299,2022-11-22
11300,2022-11-22
11301,2022-11-22
11303,2022-11-22
11304,2022-11-22
11305,2022-11-23
11302,2022-11-22
11306,2022-11-23
11307,2022-11-23
11308,2022-11-23
11310,2022-11-24
11312,2022-11-24
11313,2022-11-24
11309,2022-11-24
11314,2022-11-24
11315,2022-11-24
11311,2022-11-24
11316,2022-11-24
11317,2022-11-24
11318,2022-11-24
11319,2022-11-24
11320,2022-11-24
11321,2022-11-25
11322,2022-11-26
11323,2022-11-26
11324,2022-11-26
11326,2022-11-26
11325,2022-11-26
11327,2022-11-26
11328,2022-11-26
11329,2022-11-26
11330,2022-11-26
11331,2022-11-26
11332,2022-11-26
11333,2022-11-26
11335,2022-11-26
11334,2022-11-26
11337,2022-11-27
11338,2022-11-27
11339,2022-11-27
11336,2022-11-27
11341,2022-11-27
11340,2022-11-27
11342,2022-11-27
11343,2022-11-27
11346,2022-11-27
11344,2022-11-27
11345,2022-11-27
11347,2022-11-28
11348,2022-11-29
11350,2022-11-29
11349,2022-11-29
11351,2022-11-29
11352,2022-11-29
11353,2022-11-29
11354,2022-11-29
11355,2022-11-29
11356,2022-11-29
11358,2022-11-30
11357,2022-11-29
11359,2022-11-30
11361,2022-12-01
11362,2022-12-01
11360,2022-11-30
11363,2022-12-01
11364,2022-12-01
11366,2022-12-01
11365,2022-12-01
11367,2022-12-01
11368,2022-12-01
11370,2022-12-01
11369,2022-12-01
11372,2022-12-01
11371,2022-12-01
11373,2022-12-01
11375,2022-12-03
11374,2022-12-02
11376,2022-12-03
11377,2022-12-03
11378,2022-12-03
11380,2022-12-03
11382,2022-12-03
11379,2022-12-03
11381,2022-12-03
11383,2022-12-03
11384,2022-12-03
11385,2022-12-03
11386,2022-12-03
11387,2022-12-03
11388,2022-12-03
11389,2022-12-04
11390,2022-12-04
11392,2022-12-04
11391,2022-12-04
11393,2022-12-04
11394,2022-12-04
11395,2022-12-04
11397,2022-12-04
11396,2022-12-04
11398,2022-12-04
11400,2022-12-05
11399,2022-12-04
11401,2022-12-06
11402,2022-12-06
11403,2022-12-06
11407,2022-12-06
11406,2022-12-06
11405,2022-12-06
11404,2022-12-06
11408,2022-12-06
11409,2022-12-07
11411,2022-12-07
11410,2022-12-07
11412,2022-12-08
11414,2022-12-08
11416,2022-12-08
11415,2022-12-08
11413,2022-12-08
11417,2022-12-08
11418,2022-12-08
11419,2022-12-08
11421,2022-12-08
11422,2022-12-08
11420,2022-12-08
11423,2022-12-09
11426,2022-12-10
11424,2022-12-09
11425,2022-12-09
11427,2022-12-10
11428,2022-12-10
11429,2022-12-10
11431,2022-12-10
11433,2022-12-10
11432,2022-12-10
11430,2022-12-10
11435,2022-12-10
11436,2022-12-10
11438,2022-12-11
11437,2022-12-11
11439,2022-12-11
11434,2022-12-10
11440,2022-12-11
11441,2022-12-11
11443,2022-12-11
11442,2022-12-11
11444,2022-12-11
11445,2022-12-11
11446,2022-12-11
11447,2022-12-11
11448,2022-12-11
11449,2022-12-11
11451,2022-12-13
11450,2022-12-12
11452,2022-12-13
11453,2022-12-13
11454,2022-12-13
11455,2022-12-13
11456,2022-12-13
11457,2022-12-13
11458,2022-12-14
11459,2022-12-14
11461,2022-12-14
11462,2022-12-14
11460,2022-12-14
11464,2022-12-15
11463,2022-12-15
11466,2022-12-15
11465,2022-12-15
11468,2022-12-15
11467,2022-12-15
11471,2022-12-15
11472,2022-12-15
11470,2022-12-15
11469,2022-12-15
11475,2022-12-16
11473,2022-12-16
11474,2022-12-16
11476,2022-12-16
11478,2022-12-17
11477,2022-12-17
11481,2022-12-17
11479,2022-12-17
11480,2022-12-17
11482,2022-12-17
11483,2022-12-17
11484,2022-12-17
11485,2022-12-17
11486,2022-12-17
11487,2022-12-17
11488,2022-12-17
11489,2022-12-18
11490,2022-12-18
11492,2022-12-18
11491,2022-12-18
11495,2022-12-18
11494,2022-12-18
11493,2022-12-18
11497,2022-12-18
11496,2022-12-18
11498,2022-12-19
11500,2022-12-19
11499,2022-12-19
11501,2022-12-20
11502,2022-12-20
11503,2022-12-20
11504,2022-12-20
11505,2022-12-20
11507,2022-12-20
11506,2022-12-20
11508,2022-12-20
11509,2022-12-20
11512,2022-12-21
11510,2022-12-21
11517,2022-12-22
11519,2022-12-22
11522,2022-12-22
11523,2022-12-22
11524,2022-12-22
11525,2022-12-22
11526,2022-12-23
11527,2022-12-23
11528,2022-12-24
11529,2022-12-24
11530,2022-12-24
11531,2022-12-24
11532,2022-12-24
11534,2022-12-24
11533,2022-12-24
11535,2022-12-24
11536,2022-12-24
11537,2022-12-24
11538,2022-12-24
11539,2022-12-24
11540,2022-12-24
11541,2022-12-24
11542,2022-12-25
11543,2022-12-25
11544,2022-12-25
11546,2022-12-26
11545,2022-12-26
11511,2022-12-21
11515,2022-12-22
11513,2022-12-21
11547,2022-12-27
11548,2022-12-27
11549,2022-12-27
11550,2022-12-27
11551,2022-12-27
11552,2022-12-27
11553,2022-12-27
11556,2022-12-28
11554,2022-12-28
11560,2022-12-28
11559,2022-12-28
11561,2022-12-28
11562,2022-12-28
11563,2022-12-28
11564,2022-12-29
11565,2022-12-29
11566,2022-12-29
11567,2022-12-29
11568,2022-12-29
11570,2022-12-29
11571,2022-12-29
11572,2022-12-30
11573,2022-12-30
11574,2022-12-30
11575,2022-12-30
11576,2022-12-30
11577,2022-12-30
11555,2022-12-28
11557,2022-12-28
11578,2022-12-31
11579,2022-12-31
11580,2022-12-31
11581,2022-12-31
11582,2022-12-31
11583,2022-12-31
11584,2022-12-31
11586,2022-12-31
11587,2022-12-31
11585,2022-12-31
11588,2023-01-01
11589,2023-01-01
11590,2023-01-01
11514,2022-12-21
11516,2022-12-22
11518,2022-12-22
11592,2023-01-01
11591,2023-01-01
11593,2023-01-01
11521,2022-12-22
11595,2023-01-01
11596,2023-01-02
11569,2022-12-29
11597,2023-01-02
11598,2023-01-02
11594,2023-01-01
11599,2023-01-02
11600,2023-01-03
11601,2023-01-03
11602,2023-01-03
11603,2023-01-03
11608,2023-01-03
11610,2023-01-04
11612,2023-01-04
11613,2023-01-05
11614,2023-01-05
11615,2023-01-05
11616,2023-01-05
11617,2023-01-05
11618,2023-01-05
11619,2023-01-05
11620,2023-01-05
11621,2023-01-05
11622,2023-01-05
11623,2023-01-05
11625,2023-01-06
11626,2023-01-06
11627,2023-01-06
11628,2023-01-06
11629,2023-01-07
11630,2023-01-07
11631,2023-01-07
11605,2023-01-03
11632,2023-01-07
11604,2023-01-03
11609,2023-01-03
11633,2023-01-07
11634,2023-01-07
11635,2023-01-07
11636,2023-01-07
11637,2023-01-07
11638,2023-01-07
11639,2023-01-07
11640,2023-01-07
11641,2023-01-08
11642,2023-01-08
11644,2023-01-08
11643,2023-01-08
11645,2023-01-08
11646,2023-01-08
11647,2023-01-08
11648,2023-01-08
11650,2023-01-09
11649,2023-01-08
11651,2023-01-09
11652,2023-01-09
11653,2023-01-09
11654,2023-01-10
11655,2023-01-10
11656,2023-01-10
11658,2023-01-10
11657,2023-01-10
11659,2023-01-10
11624,2023-01-05
11660,2023-01-11
11661,2023-01-11
11663,2023-01-11
11664,2023-01-11
11665,2023-01-11
11662,2023-01-11
11666,2023-01-11
11667,2023-01-12
11668,2023-01-12
11669,2023-01-12
11670,2023-01-12
11671,2023-01-12
11672,2023-01-12
11673,2023-01-12
11675,2023-01-13
11674,2023-01-12
11676,2023-01-13
11677,2023-01-13
11678,2023-01-13
11679,2023-01-13
11680,2023-01-13
11681,2023-01-14
11682,2023-01-14
11520,2022-12-22
11683,2023-01-14
11685,2023-01-14
11684,2023-01-14
11686,2023-01-14
11687,2023-01-14
11689,2023-01-14
11688,2023-01-14
11690,2023-01-14
11691,2023-01-15
11692,2023-01-15
11693,2023-01-15
11695,2023-01-15
11696,2023-01-15
11748,2023-01-22
11694,2023-01-15
11749,2023-01-22
11751,2023-01-23
11752,2023-01-23
11753,2023-01-23
11750,2023-01-22
11754,2023-01-23
11755,2023-01-24
11756,2023-01-24
11757,2023-01-24
11758,2023-01-24
11760,2023-01-24
11759,2023-01-24
11761,2023-01-24
11762,2023-01-25
11763,2023-01-25
11764,2023-01-25
11765,2023-01-25
11766,2023-01-25
11767,2023-01-25
11769,2023-01-26
11768,2023-01-25
11770,2023-01-26
11771,2023-01-26
11772,2023-01-26
11773,2023-01-26
11775,2023-01-26
11776,2023-01-26
11774,2023-01-26
11777,2023-01-26
11779,2023-01-27
11778,2023-01-26
11780,2023-01-27
11781,2023-01-27
11782,2023-01-27
11783,2023-01-27
11785,2023-01-28
11606,2023-01-03
11784,2023-01-27
11787,2023-01-28
11786,2023-01-28
11788,2023-01-28
11607,2023-01-03
11789,2023-01-28
11790,2023-01-28
11611,2023-01-04
11791,2023-01-28
11792,2023-01-29
11793,2023-01-29
11794,2023-01-29
11795,2023-01-29
11796,2023-01-29
11797,2023-01-29
11798,2023-01-29
11799,2023-01-29
11800,2023-01-29
11801,2023-01-29
11802,2023-01-29
11803,2023-01-30
11804,2023-01-30
11806,2023-01-31
11805,2023-01-31
11807,2023-01-31
11808,2023-01-31
11809,2023-01-31
11810,2023-01-31
11811,2023-01-31
11813,2023-02-01
11812,2023-01-31
11815,2023-02-01
11814,2023-02-01
11816,2023-02-01
11817,2023-02-01
11819,2023-02-02
11820,2023-02-02
11821,2023-02-02
11822,2023-02-02
11823,2023-02-02
11824,2023-02-02
11825,2023-02-02
11826,2023-02-02
11827,2023-02-03
11828,2023-02-03
11830,2023-02-03
11829,2023-02-03
11831,2023-02-03
11832,2023-02-03
11833,2023-02-03
11834,2023-02-04
11835,2023-02-04
11836,2023-02-04
11837,2023-02-04
11838,2023-02-04
11839,2023-02-04
11840,2023-02-04
11842,2023-02-04
11843,2023-02-05
11841,2023-02-04
11844,2023-02-05
11558,2022-12-28
11846,2023-02-05
11848,2023-02-05
11850,2023-02-05
11852,2023-02-05
11853,2023-02-05
11855,2023-02-06
11856,2023-02-06
11857,2023-02-07
11858,2023-02-07
11859,2023-02-07
11860,2023-02-07
11861,2023-02-07
11862,2023-02-07
11863,2023-02-07
11864,2023-02-07
11865,2023-02-08
11866,2023-02-08
11867,2023-02-08
11868,2023-02-08
11869,2023-02-08
11871,2023-02-09
11870,2023-02-08
11872,2023-02-09
11873,2023-02-09
11874,2023-02-09
11875,2023-02-09
11877,2023-02-09
11876,2023-02-09
11878,2023-02-09
11880,2023-02-10
11881,2023-02-10
11882,2023-02-10
11883,2023-02-10
11884,2023-02-11
11879,2023-02-09
11886,2023-02-11
11885,2023-02-11
11887,2023-02-11
11889,2023-02-11
11888,2023-02-11
11890,2023-02-11
11892,2023-02-11
11893,2023-02-11
11894,2023-02-11
11895,2023-02-11
11896,2023-02-12
11897,2023-02-12
11898,2023-02-12
11899,2023-02-12
11900,2023-02-12
11901,2023-02-12
11902,2023-02-12
11903,2023-02-12
11905,2023-02-12
11906,2023-02-14
11907,2023-02-14
11904,2023-02-12
11908,2023-02-14
11909,2023-02-14
11910,2023-02-14
11911,2023-02-14
11845,2023-02-05
11912,2023-02-14
11913,2023-02-14
11849,2023-02-05
11847,2023-02-04
11914,2023-02-14
11915,2023-02-14
11851,2023-02-05
11854,2023-02-05
11917,2023-02-15
11918,2023-02-15
11919,2023-02-15
11920,2023-02-15
11916,2023-02-14
11921,2023-02-15
11922,2023-02-16
11924,2023-02-16
11925,2023-02-16
11926,2023-02-16
11927,2023-02-16
11928,2023-02-16
11930,2023-02-16
11929,2023-02-16
11931,2023-02-16
11932,2023-02-17
11933,2023-02-17
11934,2023-02-17
11937,2023-02-24
11936,2023-02-24
11935,2023-02-24
11923,2023-02-16
11938,2023-02-24
11939,2023-02-24
11940,2023-02-24
11941,2023-02-24
11942,2023-02-24
11944,2023-02-25
11943,2023-02-24
11950,2023-02-25
11951,2023-02-25
11945,2023-02-25
11948,2023-02-25
11946,2023-02-25
11949,2023-02-25
11952,2023-02-25
11953,2023-02-26
11947,2023-02-25
11956,2023-02-26
11954,2023-02-26
11955,2023-02-26
11957,2023-02-26
11958,2023-02-26
11961,2023-02-26
11959,2023-02-26
11962,2023-02-26
11965,2023-02-27
11966,2023-02-27
11968,2023-02-28
11967,2023-02-27
11969,2023-02-28
11971,2023-02-28
11891,2023-02-11
11972,2023-03-01
11973,2023-03-01
11975,2023-03-01
11974,2023-03-01
11976,2023-03-01
11977,2023-03-01
11978,2023-03-01
11979,2023-03-01
11981,2023-03-01
11980,2023-03-01
11983,2023-03-02
11982,2023-03-02
11985,2023-03-02
11987,2023-03-02
11986,2023-03-02
11989,2023-03-02
11988,2023-03-02
11990,2023-03-02
11991,2023-03-03
11992,2023-03-03
11994,2023-03-03
11995,2023-03-04
11996,2023-03-04
11997,2023-03-04
11998,2023-03-04
11993,2023-03-03
11999,2023-03-04
12000,2023-03-04
12001,2023-03-04
12002,2023-03-04
12003,2023-03-04
12004,2023-03-04
12005,2023-03-04
12006,2023-03-05
12007,2023-03-05
12008,2023-03-05
12009,2023-03-05
12010,2023-03-05
12026,2023-03-08
12112,2023-03-19
12114,2023-03-19
12115,2023-03-19
12113,2023-03-19
12116,2023-03-19
12117,2023-03-20
12118,2023-03-20
12119,2023-03-20
12120,2023-03-20
12121,2023-03-20
12122,2023-03-20
12123,2023-03-21
12125,2023-03-21
12124,2023-03-21
12126,2023-03-21
12127,2023-03-21
12129,2023-03-22
12128,2023-03-21
12130,2023-03-22
12131,2023-03-22
12132,2023-03-22
11960,2023-02-26
12134,2023-03-22
11964,2023-02-27
12133,2023-03-22
12135,2023-03-22
11963,2023-02-26
12136,2023-03-23
12137,2023-03-23
11970,2023-02-28
12140,2023-03-23
12142,2023-03-23
12143,2023-03-23
12139,2023-03-23
12141,2023-03-23
12145,2023-03-24
12146,2023-03-24
12148,2023-03-24
12147,2023-03-24
12144,2023-03-24
12138,2023-03-23
12149,2023-03-25
12153,2023-03-25
12152,2023-03-25
12156,2023-03-25
12155,2023-03-25
12157,2023-03-26
12154,2023-03-25
11984,2023-03-02
12159,2023-03-26
12160,2023-03-26
12162,2023-03-26
12163,2023-03-26
12161,2023-03-26
12164,2023-03-26
12166,2023-03-26
12167,2023-03-26
12168,2023-03-26
12169,2023-03-26
12171,2023-03-27
12172,2023-03-27
12173,2023-03-27
12175,2023-03-28
12174,2023-03-28
12176,2023-03-28
12177,2023-03-28
12179,2023-03-28
12180,2023-03-28
12178,2023-03-28
12182,2023-03-29
12181,2023-03-28
12183,2023-03-29
12184,2023-03-29
12185,2023-03-29
12186,2023-03-29
12187,2023-03-29
12188,2023-03-29
12189,2023-03-30
12190,2023-03-30
12191,2023-03-30
12192,2023-03-30
12193,2023-03-30
12194,2023-03-30
12196,2023-03-31
12197,2023-03-31
12199,2023-03-31
12198,2023-03-31
12200,2023-03-31
12201,2023-03-31
12203,2023-03-31
12202,2023-03-31
12204,2023-04-01
12205,2023-04-01
12206,2023-04-01
12207,2023-04-01
12208,2023-04-01
12209,2023-04-01
12210,2023-04-01
12211,2023-04-02
12212,2023-04-02
12213,2023-04-02
12214,2023-04-02
12215,2023-04-02
12216,2023-04-02
12217,2023-04-02
12218,2023-04-02
12219,2023-04-02
12220,2023-04-02
12221,2023-04-02
12151,2023-03-25
12150,2023-03-25
12222,2023-04-03
12223,2023-04-03
12224,2023-04-03
12227,2023-04-04
12158,2023-03-26
12225,2023-04-04
12226,2023-04-04
12228,2023-04-04
12229,2023-04-04
12230,2023-04-05
12231,2023-04-05
12232,2023-04-05
12165,2023-03-26
12233,2023-04-05
12236,2023-04-05
12235,2023-04-05
12234,2023-04-05
12170,2023-03-27
12238,2023-04-05
12239,2023-04-05
12237,2023-04-05
12240,2023-04-05
12242,2023-04-05
12241,2023-04-05
12243,2023-04-06
12244,2023-04-06
12248,2023-04-07
12250,2023-04-07
12245,2023-04-06
12252,2023-04-07
12249,2023-04-07
12254,2023-04-07
12255,2023-04-07
12256,2023-04-07
12257,2023-04-08
12258,2023-04-08
12259,2023-04-08
12260,2023-04-08
12261,2023-04-08
12262,2023-04-08
12263,2023-04-08
12265,2023-04-09
12264,2023-04-08
12266,2023-04-09
12267,2023-04-09
12268,2023-04-09
12195,2023-03-30
12270,2023-04-09
12269,2023-04-09
12271,2023-04-09
12272,2023-04-09
12273,2023-04-09
12274,2023-04-09
12275,2023-04-09
12276,2023-04-09
12277,2023-04-09
12278,2023-04-09
12279,2023-04-09
12367,2023-04-11
12368,2023-04-12
12369,2023-04-12
12370,2023-04-13
12371,2023-04-15
12372,2023-04-15
12373,2023-04-16
12374,2023-04-17
12375,2023-04-15
12376,2023-04-16
12377,2023-04-14
12378,2023-04-15
12379,2023-04-17
12383,2023-04-19
12382,2023-04-18
12384,2023-04-19
12385,2023-04-20
12387,2023-04-21
12386,2023-04-21
12388,2023-04-21
12389,2023-04-22
12390,2023-04-22
12391,2023-04-22
12392,2023-04-23
12394,2023-04-23
12393,2023-04-23
12395,2023-04-23
12396,2023-04-25
12399,2023-04-25
12398,2023-04-26
12400,2023-04-26
12402,2023-04-26
12404,2023-04-28
12401,2023-04-27
12406,2023-04-29
12407,2023-04-29
12413,2023-04-30
12415,2023-04-16
12416,2023-04-17
12253,2023-04-07
12418,2023-04-20
12417,2023-04-20
12419,2023-04-22
12420,2023-04-22
12421,2023-04-24
12423,2023-04-26
12422,2023-04-24
12424,2023-04-27
12429,2023-04-30
12430,2023-05-02
12432,2023-05-08
12433,2023-05-10
12431,2023-05-06
12434,2023-05-12
12436,2023-04-30
12437,2023-05-02
12438,2023-05-06
12440,2023-05-10
12439,2023-05-08
12441,2023-05-12
12443,2023-05-01
12444,2023-05-04
12445,2023-05-05
12446,2023-05-07
12447,2023-05-09
12448,2023-05-11
12450,2023-05-03
12449,2023-05-14
12451,2023-05-05
12452,2023-05-07
12453,2023-05-09
12454,2023-05-11
12455,2023-05-13
12457,2023-05-17
12458,2023-05-19
12464,2023-05-18
12459,2023-05-21
12460,2023-05-23
12380,2023-04-18
12381,2023-04-18
12466,2023-05-22
12465,2023-05-20
12468,2023-05-26
12467,2023-05-24
12469,2023-05-28
12470,2023-05-30
12471,2023-06-02
12472,2023-06-05
12473,2023-06-08
12475,2023-06-13
13780,2023-01-15
12474,2023-06-10
13783,2023-01-15
13782,2023-01-15
13784,2023-01-16
13781,2023-01-15
13785,2023-01-16
13786,2023-01-16
13787,2023-01-16
13789,2023-01-16
13788,2023-01-16
13791,2023-01-16
13790,2023-01-16
13793,2023-01-16
13792,2023-01-16
13794,2023-01-16
13795,2023-01-16
13796,2023-01-17
13797,2023-01-18
13799,2023-01-18
13800,2023-01-18
13798,2023-01-18
13801,2023-01-19
13803,2023-01-19
13804,2023-01-19
13805,2023-01-19
13807,2023-01-19
13806,2023-01-19
13808,2023-01-19
13809,2023-01-19
13810,2023-01-19
13811,2023-01-20
13812,2023-01-20
13814,2023-01-20
13815,2023-01-21
13817,2023-01-21
13818,2023-01-21
13816,2023-01-21
13819,2023-01-21
13820,2023-01-21
13821,2023-01-21
13822,2023-01-21
13823,2023-01-21
13824,2023-01-21
13825,2023-01-22
13826,2023-01-22
13827,2023-01-22
13828,2023-01-22
13829,2023-01-22
13830,2023-01-22
13832,2023-03-05
13833,2023-03-05
13834,2023-03-05
13835,2023-03-05
13836,2023-03-06
13837,2023-03-06
13831,2023-03-05
13838,2023-03-06
13839,2023-03-06
13840,2023-03-06
13841,2023-03-07
13843,2023-03-07
13842,2023-03-07
13844,2023-03-07
13845,2023-03-07
13846,2023-03-08
12246,2023-04-06
13848,2023-03-08
13847,2023-03-08
13849,2023-03-08
12247,2023-04-06
13850,2023-03-08
13851,2023-03-08
13852,2023-03-08
13853,2023-03-08
13854,2023-03-09
12251,2023-04-07
13857,2023-03-09
13859,2023-03-09
13858,2023-03-09
13860,2023-03-09
13861,2023-03-10
13862,2023-03-10
13863,2023-03-10
13864,2023-03-10
13865,2023-03-10
13866,2023-03-10
13867,2023-03-11
13868,2023-03-11
13870,2023-03-11
13869,2023-03-11
13871,2023-03-11
13872,2023-03-11
13873,2023-03-11
13874,2023-03-12
13877,2023-03-12
13876,2023-03-12
13878,2023-03-12
13879,2023-03-12
13802,2023-01-19
13875,2023-03-12
13880,2023-03-12
13882,2023-03-12
13881,2023-03-12
13885,2023-03-12
13884,2023-03-12
13883,2023-03-12
13886,2023-03-12
13887,2023-03-12
13813,2023-01-20
13889,2023-03-13
13890,2023-03-13
13893,2023-03-14
13894,2023-03-14
13895,2023-03-14
13896,2023-03-14
13888,2023-03-13
13897,2023-03-14
13899,2023-03-15
13900,2023-03-15
13901,2023-03-15
13903,2023-03-15
13902,2023-03-15
13904,2023-03-15
13906,2023-03-16
13907,2023-03-16
13908,2023-03-16
13905,2023-03-15
13909,2023-03-16
13910,2023-03-16
13912,2023-03-16
13911,2023-03-16
13913,2023-03-16
13914,2023-03-17
13917,2023-03-17
13916,2023-03-17
13918,2023-03-17
13915,2023-03-17
13919,2023-03-18
13920,2023-03-18
13921,2023-03-18
13923,2023-03-18
13922,2023-03-18
13924,2023-03-18
13925,2023-03-18
13927,2023-03-18
13928,2023-03-19
13926,2023-03-18
13929,2023-03-19
13855,2023-03-09
13856,2023-03-09
13931,2023-03-19
13930,2023-03-19
12478,2023-10-07
12479,2023-10-08
12480,2023-10-08
12481,2023-10-08
12482,2023-10-08
12485,2023-10-09
12484,2023-10-09
12486,2023-10-09
12487,2023-10-10
12488,2023-10-10
12490,2023-10-10
12491,2023-10-10
12492,2023-10-11
12494,2023-10-11
12496,2023-10-11
12495,2023-10-11
12498,2023-10-11
12500,2023-10-12
12499,2023-10-12
12493,2023-10-11
12501,2023-10-12
12502,2023-10-12
12504,2023-10-12
12505,2023-10-13
12503,2023-10-12
12506,2023-10-13
12507,2023-10-13
12508,2023-10-13
12509,2023-10-14
13891,2023-03-13
12511,2023-10-14
12510,2023-10-14
13892,2023-03-13
12513,2023-10-15
12512,2023-10-15
12514,2023-10-15
12516,2023-10-15
12517,2023-10-16
12518,2023-10-16
12519,2023-10-16
12520,2023-10-16
12521,2023-10-16
12522,2023-10-17
12524,2023-10-17
12526,2023-10-17
13898,2023-03-14
12527,2023-10-18
12528,2023-10-18
12530,2023-10-18
12531,2023-10-18
12532,2023-10-18
12533,2023-10-19
12535,2023-10-19
12536,2023-10-20
12537,2023-10-20
12538,2023-10-20
12539,2023-10-20
12540,2023-10-20
12541,2023-10-20
12543,2023-10-20
12542,2023-10-20
12545,2023-10-21
12546,2023-10-21
12544,2023-10-20
12547,2023-10-21
12548,2023-10-21
12549,2023-10-24
12550,2023-10-25
12551,2023-10-25
12552,2023-10-25
12553,2023-10-25
12554,2023-10-25
12556,2023-10-25
12555,2023-10-25
12557,2023-10-25
12558,2023-10-26
12559,2023-10-26
12483,2023-10-09
12560,2023-10-26
12563,2023-10-26
12561,2023-10-26
12564,2023-10-27
12562,2023-10-26
12565,2023-10-27
12566,2023-10-27
12567,2023-10-27
12568,2023-10-27
12569,2023-10-27
12570,2023-10-28
12573,2023-10-28
12574,2023-10-28
12575,2023-10-28
12577,2023-10-28
12578,2023-10-28
12579,2023-10-28
12580,2023-10-28
12582,2023-10-29
12581,2023-10-29
12583,2023-10-29
12584,2023-10-29
12586,2023-10-29
12585,2023-10-29
12587,2023-10-30
12588,2023-10-30
12589,2023-10-30
12590,2023-10-30
12591,2023-10-30
12592,2023-10-30
12593,2023-10-30
12594,2023-10-31
12525,2023-10-17
12595,2023-10-31
12597,2023-10-31
12596,2023-10-31
12529,2023-10-18
12598,2023-10-31
12599,2023-10-31
12600,2023-10-31
12534,2023-10-19
12601,2023-11-01
12602,2023-11-01
12603,2023-11-01
12604,2023-11-01
12605,2023-11-01
12607,2023-11-01
12606,2023-11-01
12608,2023-11-01
12609,2023-11-01
12610,2023-11-02
12611,2023-11-02
12612,2023-11-02
12614,2023-11-02
12615,2023-11-02
12613,2023-11-02
12616,2023-11-02
12617,2023-11-03
12618,2023-11-03
12619,2023-11-03
12621,2023-11-03
12620,2023-11-03
12623,2023-11-04
12622,2023-11-04
12625,2023-11-04
12626,2023-11-04
12628,2023-11-04
12629,2023-11-04
12630,2023-11-04
12631,2023-11-05
12632,2023-11-05
12633,2023-11-05
12634,2023-11-05
12635,2023-11-05
12636,2023-11-05
12637,2023-11-05
12639,2023-11-06
12638,2023-11-06
12641,2023-11-07
12640,2023-11-07
12642,2023-11-07
12644,2023-11-07
12645,2023-11-07
12643,2023-11-07
12571,2023-10-28
12572,2023-10-28
12646,2023-11-07
12576,2023-10-28
12647,2023-11-07
12649,2023-11-07
12650,2023-11-07
12648,2023-11-07
12652,2023-11-09
12651,2023-11-07
12653,2023-11-09
12654,2023-11-09
12656,2023-11-09
12655,2023-11-09
12657,2023-11-09
12658,2023-11-09
12659,2023-11-09
12661,2023-11-09
12662,2023-11-09
12663,2023-11-09
12664,2023-11-09
12665,2023-11-09
12668,2023-11-11
12669,2023-11-11
12672,2023-11-11
12670,2023-11-11
12673,2023-11-11
12674,2023-11-11
12675,2023-11-11
12676,2023-11-11
12677,2023-11-11
12678,2023-11-12
12679,2023-11-12
12680,2023-11-12
12681,2023-11-12
12683,2023-11-12
12684,2023-11-12
12685,2023-11-13
12686,2023-11-13
12682,2023-11-12
12687,2023-11-13
12688,2023-11-13
12689,2023-11-13
12690,2023-11-13
12691,2023-11-13
12692,2023-11-14
12693,2023-11-14
12695,2023-11-14
12694,2023-11-14
12696,2023-11-15
12624,2023-11-04
12697,2023-11-15
12698,2023-11-15
12627,2023-11-04
12699,2023-11-15
12701,2023-11-15
12700,2023-11-15
12703,2023-11-15
12704,2023-11-15
12705,2023-11-15
12706,2023-11-16
12707,2023-11-16
12702,2023-11-15
12708,2023-11-16
12709,2023-11-16
12710,2023-11-16
12711,2023-11-16
12712,2023-11-16
12713,2023-11-16
12714,2023-11-17
12715,2023-11-17
12716,2023-11-18
12717,2023-11-18
12718,2023-11-18
12720,2023-11-18
12719,2023-11-18
12721,2023-11-18
12722,2023-11-18
12723,2023-11-18
12724,2023-11-18
12726,2023-11-18
12727,2023-11-18
12729,2023-11-19
12728,2023-11-19
12725,2023-11-18
12730,2023-11-19
12731,2023-11-19
12660,2023-11-09
12732,2023-11-19
12733,2023-11-19
12735,2023-11-19
12736,2023-11-19
12666,2023-11-10
12734,2023-11-19
12667,2023-11-10
12738,2023-11-20
12739,2023-11-20
12740,2023-11-20
12737,2023-11-20
12741,2023-11-20
12671,2023-11-11
12743,2023-11-21
12742,2023-11-21
12745,2023-11-21
12746,2023-11-21
12749,2023-11-21
12748,2023-11-21
12751,2023-11-22
12754,2023-11-22
12755,2023-11-23
12744,2023-11-21
12757,2023-11-23
12756,2023-11-23
12758,2023-11-23
12760,2023-11-23
12759,2023-11-23
12762,2023-11-23
12761,2023-11-23
12764,2023-11-23
12765,2023-11-23
12766,2023-11-23
12767,2023-11-23
12768,2023-11-23
12769,2023-11-24
12770,2023-11-24
12772,2023-11-25
12773,2023-11-25
12774,2023-11-25
12775,2023-11-25
12777,2023-11-25
12778,2023-11-25
12771,2023-11-25
12776,2023-11-25
12779,2023-11-25
12780,2023-11-25
12781,2023-11-26
12782,2023-11-26
12784,2023-11-26
12783,2023-11-26
12785,2023-11-26
12786,2023-11-26
12787,2023-11-26
12788,2023-11-26
12789,2023-11-26
12790,2023-11-27
12792,2023-11-27
12793,2023-11-28
12794,2023-11-28
12795,2023-11-28
12796,2023-11-28
12797,2023-11-28
12798,2023-11-29
12800,2023-11-29
12799,2023-11-29
12801,2023-11-29
12802,2023-11-29
12804,2023-11-29
12806,2023-11-30
12805,2023-11-29
12803,2023-11-29
12807,2023-11-30
12808,2023-11-30
12809,2023-11-30
12810,2023-11-30
12811,2023-11-30
12813,2023-12-01
12812,2023-11-30
12814,2023-12-01
12815,2023-12-01
12817,2023-12-01
12816,2023-12-01
12747,2023-11-21
12750,2023-11-22
12752,2023-11-22
12818,2023-12-01
12753,2023-11-22
12819,2023-12-01
12820,2023-12-01
12821,2023-12-01
12822,2023-12-02
12823,2023-12-02
12825,2023-12-02
12826,2023-12-02
12824,2023-12-02
12828,2023-12-02
12829,2023-12-02
12830,2023-12-03
12763,2023-11-23
12831,2023-12-03
12832,2023-12-03
12833,2023-12-03
12834,2023-12-03
12836,2023-12-03
12835,2023-12-03
12837,2023-12-03
12827,2023-12-02
12838,2023-12-03
12839,2023-12-03
12840,2023-12-12
12841,2023-12-12
12842,2023-12-12
12843,2023-12-12
12846,2023-12-12
12845,2023-12-12
12848,2023-12-12
12849,2023-12-12
12851,2023-12-12
12852,2023-12-12
12853,2023-12-13
12855,2023-12-13
12856,2023-12-13
12857,2023-12-13
12858,2023-12-14
12860,2023-12-14
12861,2023-12-14
12859,2023-12-14
12862,2023-12-14
12863,2023-12-14
12864,2023-12-14
12866,2023-12-14
12867,2023-12-15
12865,2023-12-14
12868,2023-12-15
12791,2023-11-27
12869,2023-12-15
12870,2023-12-15
12871,2023-12-15
12872,2023-12-15
12873,2023-12-15
12874,2023-12-16
12876,2023-12-16
12875,2023-12-16
12877,2023-12-16
12878,2023-12-16
12879,2023-12-16
12880,2023-12-16
12881,2023-12-16
12883,2023-12-17
12884,2023-12-17
12885,2023-12-17
12882,2023-12-16
12886,2023-12-17
12887,2023-12-17
12889,2023-12-17
12892,2023-12-17
12893,2023-12-17
12894,2023-12-18
12895,2023-12-18
12896,2023-12-18
12897,2023-12-19
12898,2023-12-19
12899,2023-12-19
12901,2023-12-19
12900,2023-12-19
12902,2023-12-19
12903,2023-12-19
12904,2023-12-19
12905,2023-12-19
12907,2023-12-19
12906,2023-12-19
12908,2023-12-20
12909,2023-12-20
12844,2023-12-12
12910,2023-12-20
12911,2023-12-20
12847,2023-12-12
12850,2023-12-12
12912,2023-12-21
12913,2023-12-21
12914,2023-12-21
12915,2023-12-21
12854,2023-12-13
12916,2023-12-21
12917,2023-12-21
12918,2023-12-21
12919,2023-12-21
12920,2023-12-21
12921,2023-12-21
12922,2023-12-22
12924,2023-12-22
12923,2023-12-22
12925,2023-12-22
12926,2023-12-22
12927,2023-12-22
12928,2023-12-22
12929,2023-12-22
12931,2023-12-23
12930,2023-12-23
12932,2023-12-23
12933,2023-12-23
12934,2023-12-23
12935,2023-12-23
12936,2023-12-23
12938,2023-12-24
12937,2023-12-23
12940,2023-12-24
12939,2023-12-24
12941,2023-12-24
12942,2023-12-24
12943,2023-12-24
12945,2023-12-24
12944,2023-12-24
12946,2023-12-24
12947,2023-12-24
12948,2023-12-24
12949,2023-12-25
12950,2023-12-25
12952,2023-12-26
12951,2023-12-25
12953,2023-12-26
12954,2023-12-27
12955,2023-12-27
12956,2023-12-27
12957,2023-12-27
12959,2023-12-27
12958,2023-12-27
12960,2023-12-27
12961,2023-12-27
12962,2023-12-27
12888,2023-12-17
12890,2023-12-17
12963,2023-12-28
12966,2023-12-28
12965,2023-12-28
12967,2023-12-28
12891,2023-12-17
12969,2023-12-29
12970,2023-12-29
12971,2023-12-29
12973,2023-12-29
12976,2023-12-29
12977,2023-12-30
12978,2023-12-30
12979,2023-12-30
12980,2023-12-30
12981,2023-12-30
12982,2023-12-30
12983,2023-12-30
12984,2023-12-30
12985,2023-12-30
12986,2023-12-30
12987,2023-12-30
12989,2023-12-31
12988,2023-12-30
12991,2023-12-31
12990,2023-12-31
12992,2023-12-31
12994,2024-01-01
12993,2023-12-31
12996,2024-01-01
12995,2024-01-01
12997,2024-01-01
12998,2024-01-01
12999,2024-01-01
13000,2024-01-02
13001,2024-01-02
13002,2024-01-02
13003,2024-01-02
13004,2024-01-02
13005,2024-01-02
13006,2024-01-02
13007,2024-01-03
13009,2024-01-03
13010,2024-01-03
13011,2024-01-03
13012,2024-01-03
13013,2024-01-04
13014,2024-01-04
13017,2024-01-04
13016,2024-01-04
13018,2024-01-04
13019,2024-01-04
13020,2024-01-04
13021,2024-01-04
13022,2024-01-04
13023,2024-01-04
13024,2024-01-04
13025,2024-01-05
13026,2024-01-05
13027,2024-01-06
13028,2024-01-06
12964,2023-12-28
13029,2024-01-06
12968,2023-12-28
13030,2024-01-06
13031,2024-01-06
12972,2023-12-29
13033,2024-01-06
13032,2024-01-06
12974,2023-12-29
12975,2023-12-29
13034,2024-01-06
13035,2024-01-06
13036,2024-01-06
13037,2024-01-06
13038,2024-01-06
13040,2024-01-06
13039,2024-01-06
13041,2024-01-07
13042,2024-01-07
13043,2024-01-07
13044,2024-01-07
13047,2024-01-07
13048,2024-01-07
13050,2024-01-08
13049,2024-01-08
13046,2024-01-07
13045,2024-01-07
13051,2024-01-08
13052,2024-01-08
13053,2024-01-08
13054,2024-01-09
13055,2024-01-09
13059,2024-01-09
13056,2024-01-09
13058,2024-01-09
13060,2024-01-10
13061,2024-01-10
13062,2024-01-10
13063,2024-01-10
13064,2024-01-10
13065,2024-01-11
13067,2024-01-11
13057,2024-01-09
13068,2024-01-11
13069,2024-01-11
13066,2024-01-11
13070,2024-01-11
13071,2024-01-11
13073,2024-01-11
13074,2024-01-11
13076,2024-01-12
13077,2024-01-12
13075,2024-01-11
13072,2024-01-11
13078,2024-01-12
13079,2024-01-12
13080,2024-01-13
13081,2024-01-13
13008,2024-01-03
13083,2024-01-13
13082,2024-01-13
13084,2024-01-13
13087,2024-01-13
13086,2024-01-13
13088,2024-01-13
13015,2024-01-04
13085,2024-01-13
13089,2024-01-13
13090,2024-01-14
13091,2024-01-14
13092,2024-01-14
13093,2024-01-14
13094,2024-01-14
13097,2024-01-14
13099,2024-01-14
13102,2024-01-15
13101,2024-01-15
13104,2024-01-15
13103,2024-01-15
13105,2024-01-15
13107,2024-01-15
13106,2024-01-15
13108,2024-01-15
13109,2024-01-16
13111,2024-01-16
13110,2024-01-16
13112,2024-01-16
13114,2024-01-17
13113,2024-01-16
13115,2024-01-17
13116,2024-01-17
13120,2024-01-18
13119,2024-01-18
13117,2024-01-18
13118,2024-01-18
13121,2024-01-18
13122,2024-01-18
13125,2024-01-18
13123,2024-01-18
13126,2024-01-18
13127,2024-01-19
13129,2024-01-19
13128,2024-01-19
13130,2024-01-19
13131,2024-01-19
13133,2024-01-20
13134,2024-01-20
13135,2024-01-20
13136,2024-01-20
13138,2024-01-20
13140,2024-01-20
13142,2024-01-21
13143,2024-01-21
13144,2024-01-21
13145,2024-01-21
13146,2024-01-21
13147,2024-01-21
13148,2024-01-21
13149,2024-01-21
13150,2024-01-21
13152,2024-01-22
13153,2024-01-22
13154,2024-01-23
13151,2024-01-22
13156,2024-01-23
13155,2024-01-23
13157,2024-01-23
13158,2024-01-23
13160,2024-01-23
13095,2024-01-14
13096,2024-01-14
13098,2024-01-14
13159,2024-01-23
13161,2024-01-23
13162,2024-01-24
13164,2024-01-24
13163,2024-01-24
13166,2024-01-24
13165,2024-01-24
13167,2024-01-25
13168,2024-01-25
13169,2024-01-25
13170,2024-01-25
13171,2024-01-25
13172,2024-01-25
13174,2024-01-25
13173,2024-01-25
13176,2024-01-26
13175,2024-01-26
13177,2024-01-26
13178,2024-01-26
13179,2024-01-26
13180,2024-01-26
13182,2024-01-27
13183,2024-01-27
13181,2024-01-26
13184,2024-01-27
13185,2024-01-27
13186,2024-01-27
13188,2024-01-27
13189,2024-01-27
13190,2024-01-27
13187,2024-01-27
13191,2024-01-27
13192,2024-01-27
13193,2024-01-27
13195,2024-01-28
13194,2024-01-28
13132,2024-01-20
13196,2024-01-28
13197,2024-01-28
13198,2024-01-28
13199,2024-01-28
13200,2024-01-28
13201,2024-01-28
13202,2024-01-28
13203,2024-01-28
13204,2024-01-29
13139,2024-01-20
13205,2024-01-30
13206,2024-01-30
13141,2024-01-21
13207,2024-01-30
13209,2024-01-30
13208,2024-01-30
13211,2024-01-30
13210,2024-01-30
13212,2024-01-30
13213,2024-01-30
13214,2024-01-30
13215,2024-01-30
13216,2024-01-30
13217,2024-01-31
13218,2024-01-31
13220,2024-01-31
13219,2024-01-31
13222,2024-02-01
13224,2024-02-01
13223,2024-02-01
13225,2024-02-01
13226,2024-02-01
13229,2024-02-01
13227,2024-02-01
13230,2024-02-01
13233,2024-02-02
13221,2024-01-31
13231,2024-02-01
13235,2024-02-02
13236,2024-02-03
13237,2024-02-03
13239,2024-02-03
13238,2024-02-03
13240,2024-02-03
13241,2024-02-03
13242,2024-02-03
13243,2024-02-03
13244,2024-02-03
13245,2024-02-03
13247,2024-02-04
13248,2024-02-04
13249,2024-02-04
13251,2024-02-04
13250,2024-02-04
13252,2024-02-04
13253,2024-02-04
13254,2024-02-04
13255,2024-02-04
13256,2024-02-04
13257,2024-02-05
13258,2024-02-05
13259,2024-02-05
13260,2024-02-05
13261,2024-02-06
13262,2024-02-06
13263,2024-02-06
13264,2024-02-06
13265,2024-02-06
13266,2024-02-06
13267,2024-02-07
13268,2024-02-07
13269,2024-02-07
13271,2024-02-07
13270,2024-02-07
13272,2024-02-07
13274,2024-02-08
13276,2024-02-08
13275,2024-02-08
13277,2024-02-08
13278,2024-02-08
13279,2024-02-08
13280,2024-02-08
13281,2024-02-09
13282,2024-02-09
13283,2024-02-09
13285,2024-02-09
13284,2024-02-09
13286,2024-02-09
13100,2024-01-15
13287,2024-02-09
13288,2024-02-09
13289,2024-02-09
13290,2024-02-10
13291,2024-02-10
13292,2024-02-10
13293,2024-02-10
13294,2024-02-10
13295,2024-02-10
13296,2024-02-10
13297,2024-02-10
13298,2024-02-10
13299,2024-02-11
13300,2024-02-11
13301,2024-02-11
13302,2024-02-11
13228,2024-02-01
13303,2024-02-11
13232,2024-02-02
13304,2024-02-11
13305,2024-02-11
13306,2024-02-11
13307,2024-02-11
13308,2024-02-11
13309,2024-02-13
13310,2024-02-13
13312,2024-02-13
13311,2024-02-13
13313,2024-02-13
13314,2024-02-13
13315,2024-02-13
13316,2024-02-13
13317,2024-02-13
13318,2024-02-13
13246,2024-02-03
13320,2024-02-14
13322,2024-02-14
13323,2024-02-14
13324,2024-02-14
13326,2024-02-15
13325,2024-02-15
13328,2024-02-15
13329,2024-02-15
13330,2024-02-15
13331,2024-02-15
13332,2024-02-15
13333,2024-02-15
13335,2024-02-15
13336,2024-02-15
13337,2024-02-15
13334,2024-02-15
13338,2024-02-16
13339,2024-02-16
13340,2024-02-23
13342,2024-02-23
13341,2024-02-23
13273,2024-02-07
13344,2024-02-23
13347,2024-02-23
13346,2024-02-23
13343,2024-02-23
13345,2024-02-23
13348,2024-02-23
13352,2024-02-24
13351,2024-02-23
13350,2024-02-23
13349,2024-02-23
13353,2024-02-24
13354,2024-02-24
13356,2024-02-24
13355,2024-02-24
13358,2024-02-24
13359,2024-02-24
13357,2024-02-24
13360,2024-02-24
13362,2024-02-25
13363,2024-02-25
13361,2024-02-24
13364,2024-02-25
13365,2024-02-25
13366,2024-02-25
13368,2024-02-25
13367,2024-02-25
13370,2024-02-26
13371,2024-02-26
13372,2024-02-26
13373,2024-02-26
13374,2024-02-26
13375,2024-02-26
13376,2024-02-27
13377,2024-02-27
13378,2024-02-27
13379,2024-02-27
13380,2024-02-28
13381,2024-02-28
13382,2024-02-28
13383,2024-02-28
13384,2024-02-28
13385,2024-02-28
13386,2024-02-28
13387,2024-02-28
13388,2024-02-28
13390,2024-02-28
13389,2024-02-28
13391,2024-02-29
13392,2024-02-29
13393,2024-02-29
13319,2024-02-14
13394,2024-02-29
13321,2024-02-14
13395,2024-02-29
13396,2024-02-29
13397,2024-03-01
13398,2024-03-01
13327,2024-02-15
13399,2024-03-01
13400,2024-03-01
13401,2024-03-01
13403,2024-03-01
13404,2024-03-01
13405,2024-03-02
13406,2024-03-02
13408,2024-03-02
13410,2024-03-02
13412,2024-03-02
13411,2024-03-02
13414,2024-03-02
13415,2024-03-02
13416,2024-03-03
13417,2024-03-03
13418,2024-03-03
13234,2024-02-02
13419,2024-03-03
13420,2024-03-03
13422,2024-03-03
13421,2024-03-03
13424,2024-03-04
13426,2024-03-04
13425,2024-03-04
13423,2024-03-03
13427,2024-03-05
13430,2024-03-05
13429,2024-03-05
13431,2024-03-05
13428,2024-03-05
13432,2024-03-05
13437,2024-03-06
13435,2024-03-06
13433,2024-03-06
13434,2024-03-06
13438,2024-03-06
13439,2024-03-06
13440,2024-03-06
13441,2024-03-06
13436,2024-03-06
13369,2024-02-26
13442,2024-03-07
13443,2024-03-07
13444,2024-03-07
13445,2024-03-07
13446,2024-03-07
13447,2024-03-07
13448,2024-03-07
13449,2024-03-07
13450,2024-03-08
13451,2024-03-08
13452,2024-03-08
13453,2024-03-08
13455,2024-03-08
13456,2024-03-08
13454,2024-03-08
13457,2024-03-09
13458,2024-03-09
13459,2024-03-09
13460,2024-03-09
13461,2024-03-09
13462,2024-03-09
13464,2024-03-09
13463,2024-03-09
13465,2024-03-09
13466,2024-03-10
13467,2024-03-10
13468,2024-03-10
13469,2024-03-10
13471,2024-03-10
13470,2024-03-10
13472,2024-03-10
13473,2024-03-10
13474,2024-03-10
13475,2024-03-10
13402,2024-03-01
13478,2024-03-10
13479,2024-03-10
13480,2024-03-11
13481,2024-03-11
13407,2024-03-02
13409,2024-03-02
13482,2024-03-11
13483,2024-03-12
13485,2024-03-12
13484,2024-03-12
13413,2024-03-02
13486,2024-03-12
13487,2024-03-12
13488,2024-03-13
13489,2024-03-13
13490,2024-03-13
13491,2024-03-13
13493,2024-03-13
13496,2024-03-13
13497,2024-03-13
13498,2024-03-14
13499,2024-03-14
13500,2024-03-14
13501,2024-03-14
13502,2024-03-14
13503,2024-03-14
13504,2024-03-15
13505,2024-03-15
13506,2024-03-15
13507,2024-03-15
13508,2024-03-15
13509,2024-03-15
13510,2024-03-15
13511,2024-03-15
13512,2024-03-16
13513,2024-03-16
13514,2024-03-16
13515,2024-03-16
13516,2024-03-16
13517,2024-03-16
13518,2024-03-16
13521,2024-03-17
13522,2024-03-17
13523,2024-03-17
13524,2024-03-17
13526,2024-03-17
13525,2024-03-17
13529,2024-03-17
13527,2024-03-17
13528,2024-03-17
13530,2024-03-18
13531,2024-03-18
13532,2024-03-18
13533,2024-03-18
13534,2024-03-19
13535,2024-03-19
13536,2024-03-19
13537,2024-03-19
13538,2024-03-19
13539,2024-03-19
13476,2024-03-10
13477,2024-03-10
13540,2024-03-19
13541,2024-03-19
13542,2024-03-20
13543,2024-03-20
13544,2024-03-20
13545,2024-03-20
13546,2024-03-20
13548,2024-03-21
13547,2024-03-20
13549,2024-03-21
13550,2024-03-21
13492,2024-03-13
13551,2024-03-21
13553,2024-03-21
13552,2024-03-21
13495,2024-03-13
13494,2024-03-13
13555,2024-03-22
13556,2024-03-22
13560,2024-03-22
13559,2024-03-22
13561,2024-03-23
13557,2024-03-22
13554,2024-03-22
13558,2024-03-22
13562,2024-03-23
13563,2024-03-23
13565,2024-03-23
13566,2024-03-23
13567,2024-03-23
13568,2024-03-23
13569,2024-03-23
13570,2024-03-24
13564,2024-03-23
13571,2024-03-24
13572,2024-03-24
13573,2024-03-24
13574,2024-03-24
13575,2024-03-24
13576,2024-03-24
13578,2024-03-24
13577,2024-03-24
13579,2024-03-24
13580,2024-03-25
13582,2024-03-25
13586,2024-03-26
13583,2024-03-25
13585,2024-03-26
13584,2024-03-25
13587,2024-03-26
13519,2024-03-17
13520,2024-03-17
13588,2024-03-26
13589,2024-03-26
13590,2024-03-26
13593,2024-03-26
13594,2024-03-27
13591,2024-03-26
13595,2024-03-27
13592,2024-03-26
13581,2024-03-25
13596,2024-03-27
13598,2024-03-27
13597,2024-03-27
13600,2024-03-27
13599,2024-03-27
13602,2024-03-28
13604,2024-03-28
13605,2024-03-28
13608,2024-03-28
13607,2024-03-28
13609,2024-03-29
13611,2024-03-29
13613,2024-03-29
13614,2024-03-29
13615,2024-03-29
13616,2024-03-30
13617,2024-03-30
13618,2024-03-30
13619,2024-03-30
13620,2024-03-30
13622,2024-03-30
13621,2024-03-30
13623,2024-03-30
13624,2024-03-30
13625,2024-03-31
13628,2024-03-31
13627,2024-03-31
13626,2024-03-31
13630,2024-03-31
13629,2024-03-31
13632,2024-03-31
13633,2024-03-31
13631,2024-03-31
13635,2024-04-01
13634,2024-04-01
13636,2024-04-01
13637,2024-04-01
13638,2024-04-01
13639,2024-04-02
13640,2024-04-02
13641,2024-04-02
13642,2024-04-02
13644,2024-04-02
13643,2024-04-02
13645,2024-04-06
13647,2024-04-03
13646,2024-04-03
13649,2024-04-03
13651,2024-04-03
13652,2024-04-03
13653,2024-04-03
13648,2024-04-03
13654,2024-04-03
13655,2024-04-04
13656,2024-04-04
13657,2024-04-04
13659,2024-04-04
13658,2024-04-04
13660,2024-04-04
13661,2024-04-05
13662,2024-04-05
13663,2024-04-05
13664,2024-04-05
13665,2024-04-05
13666,2024-04-05
13667,2024-04-06
13668,2024-04-06
13669,2024-04-06
13671,2024-04-06
13670,2024-04-06
13603,2024-03-28
13601,2024-03-27
13606,2024-03-28
13672,2024-04-04
13673,2024-04-06
13675,2024-04-06
13674,2024-04-06
13610,2024-03-29
13676,2024-04-06
13677,2024-04-07
13678,2024-04-07
13679,2024-04-07
13680,2024-04-07
13681,2024-04-07
13682,2024-04-07
13683,2024-04-07
13684,2024-04-07
13685,2024-04-07
13686,2024-04-07
13687,2024-04-07
13688,2024-04-07
13689,2024-04-07
13690,2024-04-08
13691,2024-04-08
13692,2024-04-09
13693,2024-04-09
13695,2024-04-09
13694,2024-04-09
13696,2024-04-09
13697,2024-04-10
13698,2024-04-10
13699,2024-04-10
13700,2024-04-10
13701,2024-04-10
13702,2024-04-10
13704,2024-04-10
13703,2024-04-10
13706,2024-04-10
13707,2024-04-10
13708,2024-04-10
13710,2024-04-11
13711,2024-04-11
13713,2024-04-11
13714,2024-04-11
13715,2024-04-11
13717,2024-04-12
13716,2024-04-12
13718,2024-04-12
13719,2024-04-12
13720,2024-04-12
13722,2024-04-12
13721,2024-04-12
13723,2024-04-12
13724,2024-04-13
13725,2024-04-13
13726,2024-04-13
13727,2024-04-13
13728,2024-04-13
13650,2024-04-03
13729,2024-04-13
13730,2024-04-13
13731,2024-04-13
13732,2024-04-13
13734,2024-04-14
13736,2024-04-14
13735,2024-04-14
13738,2024-04-14
13739,2024-04-14
13741,2024-04-14
13740,2024-04-14
13733,2024-04-13
13742,2024-04-14
13743,2024-04-14
13744,2024-04-14
13745,2024-04-14
13746,2024-04-14
13747,2024-04-14
13748,2024-04-14
13751,2023-12-06
13750,2023-12-05
13752,2023-12-06
13749,2023-12-05
13753,2023-12-07
13754,2023-12-07
13756,2023-12-07
13755,2023-12-07
13757,2023-12-07
13758,2023-12-07
13759,2023-12-07
13761,2023-12-07
13760,2023-12-07
13762,2023-12-07
13763,2023-12-07
13764,2023-12-09
13765,2023-12-09
13766,2023-12-09
13767,2023-12-09
13768,2023-12-09
13769,2023-12-09
13770,2023-12-09
13771,2023-12-09
13772,2023-12-09
13773,2023-12-09
13774,2023-12-09
13775,2023-12-07
13776,2023-12-08
13778,2023-12-09
13705,2024-04-10
13932,2024-02-16
13779,2023-12-10
13933,2024-04-03
13709,2024-04-10
13712,2024-04-11
13934,2024-04-18
13935,2024-04-16
13936,2024-04-17
13937,2024-04-17
13938,2024-04-20
13939,2024-04-20
13940,2024-04-21
13941,2024-04-21
13943,2024-04-20
13945,2024-04-21
13944,2024-04-20
13942,2024-04-19
13946,2024-04-22
13947,2024-04-22
13948,2024-04-23
13951,2024-04-24
13949,2024-04-23
13952,2024-04-25
13953,2024-04-25
13956,2024-04-27
13955,2024-04-26
13954,2024-04-26
13958,2024-04-27
13959,2024-04-28
13961,2024-04-28
13960,2024-04-28
13962,2024-04-28
13963,2024-04-29
13964,2024-04-30
13737,2024-04-14
13966,2024-04-30
13967,2024-05-01
13968,2024-05-01
13982,2024-04-21
13983,2024-04-22
13984,2024-04-24
13985,2024-04-25
13987,2024-04-27
13988,2024-04-30
13989,2024-04-29
13777,2023-12-09
13950,2024-04-24
13957,2024-04-27
13986,2024-04-27
13612,2024-03-29